<?xml version="1.0" encoding="windows-1252"?>
<Collection name="EditModalTest" guid="{559905e2-420d-4e43-8386-10d7d80c2ce3}" system="No" updatable="Yes" blockNavigatorNode="No" onInstallAddonGuid="">
	<HelpLink></HelpLink>
	<Help></Help>
	<Addon name="Edit-Modal-Test" guid="{b56d4cbb-ff09-4c88-a054-18109b2111b5}" type="Tool">
		<Copy></Copy>
		<CopyText></CopyText>
		<DotNetClass></DotNetClass>
		<ArgumentList></ArgumentList>
		<instanceSettingPrimaryContentId><![CDATA[EditModalTestData]]></instanceSettingPrimaryContentId>
		<AsAjax>No</AsAjax>
		<Filter>No</Filter>
		<Help></Help>
		<HelpLink></HelpLink>
		<Icon Link="" width="50" height="50" sprites="0" />
		<InIframe>No</InIframe>
		<BlockEditTools>Yes</BlockEditTools>
		<AliasList></AliasList>
		<FormXML></FormXML>
		<IsInline>No</IsInline>
		<JavascriptInHead></JavascriptInHead>
		<javascriptForceHead>No</javascriptForceHead>
		<JSHeadScriptSrc></JSHeadScriptSrc>
		<JSHeadScriptPlatform5Src></JSHeadScriptPlatform5Src>
		<!-- deprecated --><JSBodyScriptSrc></JSBodyScriptSrc>
		<!-- deprecated --><JavascriptBodyEnd></JavascriptBodyEnd>
		<!-- deprecated --><JavascriptOnLoad></JavascriptOnLoad>
		<Content>Yes</Content>
		<Template>Yes</Template>
		<Email>No</Email>
		<Admin>No</Admin>
		<OnPageEndEvent>No</OnPageEndEvent>
		<OnPageStartEvent>No</OnPageStartEvent>
		<OnBodyStart>No</OnBodyStart>
		<OnBodyEnd>No</OnBodyEnd>
		<RemoteMethod>No</RemoteMethod>
		<Diagnostic>No</Diagnostic>
		<Category><![CDATA[Extras.Tools]]></Category>
		<ProcessRunOnce>No</ProcessRunOnce>
		<ProcessInterval>0</ProcessInterval>
		<MetaDescription></MetaDescription>
		<OtherHeadTags></OtherHeadTags>
		<PageTitle></PageTitle>
		<RemoteAssetLink></RemoteAssetLink>
		<Styles></Styles>
		<styleslinkhref></styleslinkhref>
		<StylesLinkPlatform5Href></StylesLinkPlatform5Href>
		<Scripting Language="VBScript" EntryPoint="" Timeout="5000">
			<Code><![CDATA[
function m
dim contentId, recordGuid,cs
contentId = cp.content.getId( "EditModalTestData" )
recordGuid = cp.request.gettext( "instanceId" )

cs = cp.csnew()
call cs.open( "EditModalTestData", "ccguid=" & cp.db.encodesqltext(recordGuid)  )
if (not cs.ok()) then
     call cs.insert("EditModalTestData")
     call cs.setField("ccguid",recordGuid)
     cs.save()
end if

m = cp.content.GetEditWrapper( "<h2>Edit-Modal-Test Widget</h2><p>settings are in EditModalTestData</p>", contentId, recordGuid )

end function			
			]]></Code>
		</Scripting>
	</Addon>
	<cdef name="people"  guid="{C1985DC4-C985-4406-9934-61A911543454}">
		<Field Name="editModalTestDataId" Caption="editModalTestData" EditTab="" FieldType="Lookup" Authorable="True" EditSortPriority="14" DefaultValue="" Active="True" AdminOnly="False" DeveloperOnly="False" HTMLContent="False" Required="False" TextBuffered="False" UniqueName="False" MemberSelectGroup="" Scramble="False" LookupList="" NotEditable="False" Password="False" ReadOnly="False" ManyToManyRulePrimaryField="" ManyToManyRuleSecondaryField="" IsModified="False" IndexColumn="0" IndexSortDirection="" IndexSortOrder="0" IndexWidth="" RedirectID="" RedirectPath="" IsBaseField="False" EditorAddonId="" LookupContent="EditModalTestData" RedirectContent="" ManyToManyContent="" ManyToManyRuleContent="" ><HelpDefault><![CDATA[All work and no play makes Johnny a dull boy.]]></HelpDefault></Field>
	</cdef>
	<CDef Name="EditModalTestData" Active="1" AdminOnly="0" AllowAdd="1" AllowCalendarEvents="0" AllowContentChildTool="0" AllowContentTracking="0" AllowDelete="1" AllowMetaContent="" AllowTopicRules="0" NavTypeID="0" AddonCategoryId="19" AuthoringDataSourceName="Default" AuthoringTableName="EditModalTestData" ContentDataSourceName="Default" ContentTableName="EditModalTestData" DefaultSortMethod="By Name" DeveloperOnly="0" DropDownFieldList="Name" EditorGroupName="" Parent="" IconLink="" IconHeight="0" IconWidth="0" IconSprites="0" isbasecontent="0" guid="{b14b478a-0645-4e89-b199-a49244f969a9}" >

		<Field Name="testredirect" Caption="testRedirect" EditTab="" FieldType="Redirect" Authorable="True" EditSortPriority="0" DefaultValue="" Active="True" AdminOnly="False" DeveloperOnly="False" HTMLContent="False" Required="False" TextBuffered="False" UniqueName="False" MemberSelectGroup="" Scramble="False" LookupList="" NotEditable="False" Password="False" ReadOnly="False" ManyToManyRulePrimaryField="" ManyToManyRuleSecondaryField="" IsModified="False" IndexColumn="0" IndexSortDirection="" IndexSortOrder="0" IndexWidth="" RedirectID="editModalTestDataId" RedirectPath="" IsBaseField="False" EditorAddonId="" LookupContent="" RedirectContent="People" ManyToManyContent="" ManyToManyRuleContent="" ><HelpDefault><![CDATA[All work and no play makes Johnny a dull boy.]]></HelpDefault></Field>

		<Field Name="testmanytomany" Caption="testManyToMany" EditTab="" FieldType="ManyToMany" Authorable="True" EditSortPriority="1" DefaultValue="" Active="True" AdminOnly="False" DeveloperOnly="False" HTMLContent="False" Required="False" TextBuffered="False" UniqueName="False" MemberSelectGroup="" Scramble="False" LookupList="" NotEditable="False" Password="False" ReadOnly="False" ManyToManyRulePrimaryField="testid" ManyToManyRuleSecondaryField="memberid" IsModified="False" IndexColumn="0" IndexSortDirection="" IndexSortOrder="0" IndexWidth="" RedirectID="" RedirectPath="" IsBaseField="False" EditorAddonId="" LookupContent="" RedirectContent="" ManyToManyContent="People" ManyToManyRuleContent="EditModelTestDataRules" >
			<HelpDefault><![CDATA[All work and no play makes Johnny a dull boy.]]></HelpDefault>
		</Field>
		<Field Name="testcss" Caption="testCSS" EditTab="" FieldType="CSSFile" Authorable="True" EditSortPriority="2" DefaultValue="" Active="True" AdminOnly="False" DeveloperOnly="False" HTMLContent="False" Required="False" TextBuffered="False" UniqueName="False" MemberSelectGroup="" Scramble="False" LookupList="" NotEditable="False" Password="False" ReadOnly="False" ManyToManyRulePrimaryField="" ManyToManyRuleSecondaryField="" IsModified="False" IndexColumn="0" IndexSortDirection="" IndexSortOrder="0" IndexWidth="" RedirectID="" RedirectPath="" IsBaseField="False" EditorAddonId="" LookupContent="" RedirectContent="" ManyToManyContent="" ManyToManyRuleContent="" ><HelpDefault><![CDATA[All work and no play makes Johnny a dull boy.]]></HelpDefault></Field>
		<Field Name="testcurrency" Caption="testCurrency" EditTab="" FieldType="Currency" Authorable="True" EditSortPriority="3" DefaultValue="" Active="True" AdminOnly="False" DeveloperOnly="False" HTMLContent="False" Required="False" TextBuffered="False" UniqueName="False" MemberSelectGroup="" Scramble="False" LookupList="" NotEditable="False" Password="False" ReadOnly="False" ManyToManyRulePrimaryField="" ManyToManyRuleSecondaryField="" IsModified="False" IndexColumn="0" IndexSortDirection="" IndexSortOrder="0" IndexWidth="" RedirectID="" RedirectPath="" IsBaseField="False" EditorAddonId="" LookupContent="" RedirectContent="" ManyToManyContent="" ManyToManyRuleContent="" ><HelpDefault><![CDATA[All work and no play makes Johnny a dull boy.]]></HelpDefault></Field>
		<Field Name="testdate" Caption="testDate" EditTab="" FieldType="Date" Authorable="True" EditSortPriority="4" DefaultValue="" Active="True" AdminOnly="False" DeveloperOnly="False" HTMLContent="False" Required="False" TextBuffered="False" UniqueName="False" MemberSelectGroup="" Scramble="False" LookupList="" NotEditable="False" Password="False" ReadOnly="False" ManyToManyRulePrimaryField="" ManyToManyRuleSecondaryField="" IsModified="False" IndexColumn="0" IndexSortDirection="" IndexSortOrder="0" IndexWidth="" RedirectID="" RedirectPath="" IsBaseField="False" EditorAddonId="" LookupContent="" RedirectContent="" ManyToManyContent="" ManyToManyRuleContent="" ><HelpDefault><![CDATA[All work and no play makes Johnny a dull boy.]]></HelpDefault></Field>
		<Field Name="testfile" Caption="testFile" EditTab="" FieldType="File" Authorable="True" EditSortPriority="5" DefaultValue="" Active="True" AdminOnly="False" DeveloperOnly="False" HTMLContent="False" Required="False" TextBuffered="False" UniqueName="False" MemberSelectGroup="" Scramble="False" LookupList="" NotEditable="False" Password="False" ReadOnly="False" ManyToManyRulePrimaryField="" ManyToManyRuleSecondaryField="" IsModified="False" IndexColumn="0" IndexSortDirection="" IndexSortOrder="0" IndexWidth="" RedirectID="" RedirectPath="" IsBaseField="False" EditorAddonId="" LookupContent="" RedirectContent="" ManyToManyContent="" ManyToManyRuleContent="" ><HelpDefault><![CDATA[All work and no play makes Johnny a dull boy.]]></HelpDefault></Field>
		<Field Name="testfloat" Caption="testFloat" EditTab="" FieldType="Float" Authorable="True" EditSortPriority="6" DefaultValue="" Active="True" AdminOnly="False" DeveloperOnly="False" HTMLContent="False" Required="False" TextBuffered="False" UniqueName="False" MemberSelectGroup="" Scramble="False" LookupList="" NotEditable="False" Password="False" ReadOnly="False" ManyToManyRulePrimaryField="" ManyToManyRuleSecondaryField="" IsModified="False" IndexColumn="0" IndexSortDirection="" IndexSortOrder="0" IndexWidth="" RedirectID="" RedirectPath="" IsBaseField="False" EditorAddonId="" LookupContent="" RedirectContent="" ManyToManyContent="" ManyToManyRuleContent="" ><HelpDefault><![CDATA[All work and no play makes Johnny a dull boy.]]></HelpDefault></Field>
		<Field Name="testhtml" Caption="testHtml" EditTab="" FieldType="HTML" Authorable="True" EditSortPriority="7" DefaultValue="" Active="True" AdminOnly="False" DeveloperOnly="False" HTMLContent="False" Required="False" TextBuffered="False" UniqueName="False" MemberSelectGroup="" Scramble="False" LookupList="" NotEditable="False" Password="False" ReadOnly="False" ManyToManyRulePrimaryField="" ManyToManyRuleSecondaryField="" IsModified="False" IndexColumn="0" IndexSortDirection="" IndexSortOrder="0" IndexWidth="" RedirectID="" RedirectPath="" IsBaseField="False" EditorAddonId="" LookupContent="" RedirectContent="" ManyToManyContent="" ManyToManyRuleContent="" ><HelpDefault><![CDATA[All work and no play makes Johnny a dull boy.]]></HelpDefault></Field>
		<Field Name="testhtmlcode" Caption="testHtmlCode" EditTab="" FieldType="htmlcode" Authorable="True" EditSortPriority="8" DefaultValue="" Active="True" AdminOnly="False" DeveloperOnly="False" HTMLContent="False" Required="False" TextBuffered="False" UniqueName="False" MemberSelectGroup="" Scramble="False" LookupList="" NotEditable="False" Password="False" ReadOnly="False" ManyToManyRulePrimaryField="" ManyToManyRuleSecondaryField="" IsModified="False" IndexColumn="0" IndexSortDirection="" IndexSortOrder="0" IndexWidth="" RedirectID="" RedirectPath="" IsBaseField="False" EditorAddonId="" LookupContent="" RedirectContent="" ManyToManyContent="" ManyToManyRuleContent="" ><HelpDefault><![CDATA[All work and no play makes Johnny a dull boy.]]></HelpDefault></Field>
		<Field Name="testimage" Caption="testImage" EditTab="" FieldType="Image" Authorable="True" EditSortPriority="9" DefaultValue="" Active="True" AdminOnly="False" DeveloperOnly="False" HTMLContent="False" Required="False" TextBuffered="False" UniqueName="False" MemberSelectGroup="" Scramble="False" LookupList="" NotEditable="False" Password="False" ReadOnly="False" ManyToManyRulePrimaryField="" ManyToManyRuleSecondaryField="" IsModified="False" IndexColumn="0" IndexSortDirection="" IndexSortOrder="0" IndexWidth="" RedirectID="" RedirectPath="" IsBaseField="False" EditorAddonId="" LookupContent="" RedirectContent="" ManyToManyContent="" ManyToManyRuleContent="" ><HelpDefault><![CDATA[All work and no play makes Johnny a dull boy.]]></HelpDefault></Field>
		<Field Name="testinteger" Caption="testInteger" EditTab="" FieldType="Integer" Authorable="True" EditSortPriority="10" DefaultValue="" Active="True" AdminOnly="False" DeveloperOnly="False" HTMLContent="False" Required="False" TextBuffered="False" UniqueName="False" MemberSelectGroup="" Scramble="False" LookupList="" NotEditable="False" Password="False" ReadOnly="False" ManyToManyRulePrimaryField="" ManyToManyRuleSecondaryField="" IsModified="False" IndexColumn="0" IndexSortDirection="" IndexSortOrder="0" IndexWidth="" RedirectID="" RedirectPath="" IsBaseField="False" EditorAddonId="" LookupContent="" RedirectContent="" ManyToManyContent="" ManyToManyRuleContent="" ><HelpDefault><![CDATA[All work and no play makes Johnny a dull boy.]]></HelpDefault></Field>
		<Field Name="testjsfile" Caption="testJSFile" EditTab="" FieldType="JavascriptFile" Authorable="True" EditSortPriority="11" DefaultValue="" Active="True" AdminOnly="False" DeveloperOnly="False" HTMLContent="False" Required="False" TextBuffered="False" UniqueName="False" MemberSelectGroup="" Scramble="False" LookupList="" NotEditable="False" Password="False" ReadOnly="False" ManyToManyRulePrimaryField="" ManyToManyRuleSecondaryField="" IsModified="False" IndexColumn="0" IndexSortDirection="" IndexSortOrder="0" IndexWidth="" RedirectID="" RedirectPath="" IsBaseField="False" EditorAddonId="" LookupContent="" RedirectContent="" ManyToManyContent="" ManyToManyRuleContent="" ><HelpDefault><![CDATA[All work and no play makes Johnny a dull boy.]]></HelpDefault></Field>
		<Field Name="testlink" Caption="testLink" EditTab="" FieldType="Link" Authorable="True" EditSortPriority="12" DefaultValue="" Active="True" AdminOnly="False" DeveloperOnly="False" HTMLContent="False" Required="False" TextBuffered="False" UniqueName="False" MemberSelectGroup="" Scramble="False" LookupList="" NotEditable="False" Password="False" ReadOnly="False" ManyToManyRulePrimaryField="" ManyToManyRuleSecondaryField="" IsModified="False" IndexColumn="0" IndexSortDirection="" IndexSortOrder="0" IndexWidth="" RedirectID="" RedirectPath="" IsBaseField="False" EditorAddonId="" LookupContent="" RedirectContent="" ManyToManyContent="" ManyToManyRuleContent="" ><HelpDefault><![CDATA[All work and no play makes Johnny a dull boy.]]></HelpDefault></Field>
		<Field Name="testlongtext" Caption="testLongText" EditTab="" FieldType="LongText" Authorable="True" EditSortPriority="13" DefaultValue="" Active="True" AdminOnly="False" DeveloperOnly="False" HTMLContent="False" Required="False" TextBuffered="False" UniqueName="False" MemberSelectGroup="" Scramble="False" LookupList="" NotEditable="False" Password="False" ReadOnly="False" ManyToManyRulePrimaryField="" ManyToManyRuleSecondaryField="" IsModified="False" IndexColumn="0" IndexSortDirection="" IndexSortOrder="0" IndexWidth="" RedirectID="" RedirectPath="" IsBaseField="False" EditorAddonId="" LookupContent="" RedirectContent="" ManyToManyContent="" ManyToManyRuleContent="" ><HelpDefault><![CDATA[All work and no play makes Johnny a dull boy.]]></HelpDefault></Field>
		<Field Name="testlookup" Caption="testLookup" EditTab="" FieldType="Lookup" Authorable="True" EditSortPriority="14" DefaultValue="" Active="True" AdminOnly="False" DeveloperOnly="False" HTMLContent="False" Required="False" TextBuffered="False" UniqueName="False" MemberSelectGroup="" Scramble="False" LookupList="" NotEditable="False" Password="False" ReadOnly="False" ManyToManyRulePrimaryField="" ManyToManyRuleSecondaryField="" IsModified="False" IndexColumn="0" IndexSortDirection="" IndexSortOrder="0" IndexWidth="" RedirectID="" RedirectPath="" IsBaseField="False" EditorAddonId="" LookupContent="People" RedirectContent="" ManyToManyContent="" ManyToManyRuleContent="" ><HelpDefault><![CDATA[All work and no play makes Johnny a dull boy.]]></HelpDefault></Field>

		<Field Name="testselectmember" Caption="testMemberSelect" EditTab="" FieldType="MemberSelect" Authorable="True" EditSortPriority="16" DefaultValue="" Active="True" AdminOnly="False" DeveloperOnly="False" HTMLContent="False" Required="False" TextBuffered="False" UniqueName="False" MemberSelectGroup="staff" Scramble="False" LookupList="" NotEditable="False" Password="False" ReadOnly="False" ManyToManyRulePrimaryField="" ManyToManyRuleSecondaryField="" IsModified="False" IndexColumn="0" IndexSortDirection="" IndexSortOrder="0" IndexWidth="" RedirectID="" RedirectPath="" IsBaseField="False" EditorAddonId="" LookupContent="" RedirectContent="" ManyToManyContent="" ManyToManyRuleContent="" ><HelpDefault><![CDATA[All work and no play makes Johnny a dull boy.]]></HelpDefault></Field>

		<Field Name="testboolean" Caption="testBoolean" EditTab="" FieldType="Boolean" Authorable="True" EditSortPriority="17" DefaultValue="" Active="True" AdminOnly="False" DeveloperOnly="False" HTMLContent="False" Required="False" TextBuffered="False" UniqueName="False" MemberSelectGroup="" Scramble="False" LookupList="" NotEditable="False" Password="False" ReadOnly="False" ManyToManyRulePrimaryField="" ManyToManyRuleSecondaryField="" IsModified="False" IndexColumn="0" IndexSortDirection="" IndexSortOrder="0" IndexWidth="" RedirectID="" RedirectPath="" IsBaseField="False" EditorAddonId="" LookupContent="" RedirectContent="" ManyToManyContent="" ManyToManyRuleContent="" ><HelpDefault><![CDATA[All work and no play makes Johnny a dull boy.]]></HelpDefault></Field>

		<Field Name="testtext" Caption="testText" EditTab="" FieldType="Text" Authorable="True" EditSortPriority="18" DefaultValue="" Active="True" AdminOnly="False" DeveloperOnly="False" HTMLContent="False" Required="False" TextBuffered="False" UniqueName="False" MemberSelectGroup="" Scramble="False" LookupList="" NotEditable="False" Password="False" ReadOnly="False" ManyToManyRulePrimaryField="" ManyToManyRuleSecondaryField="" IsModified="False" IndexColumn="0" IndexSortDirection="" IndexSortOrder="0" IndexWidth="" RedirectID="" RedirectPath="" IsBaseField="False" EditorAddonId="" LookupContent="" RedirectContent="" ManyToManyContent="" ManyToManyRuleContent="" ><HelpDefault><![CDATA[All work and no play makes Johnny a dull boy.]]></HelpDefault></Field>
		<Field Name="testxml" Caption="testXML" EditTab="" FieldType="XMLFile" Authorable="True" EditSortPriority="19" DefaultValue="" Active="True" AdminOnly="False" DeveloperOnly="False" HTMLContent="False" Required="False" TextBuffered="False" UniqueName="False" MemberSelectGroup="" Scramble="False" LookupList="" NotEditable="False" Password="False" ReadOnly="False" ManyToManyRulePrimaryField="" ManyToManyRuleSecondaryField="" IsModified="False" IndexColumn="0" IndexSortDirection="" IndexSortOrder="0" IndexWidth="" RedirectID="" RedirectPath="" IsBaseField="False" EditorAddonId="" LookupContent="" RedirectContent="" ManyToManyContent="" ManyToManyRuleContent="" ><HelpDefault><![CDATA[All work and no play makes Johnny a dull boy.]]></HelpDefault></Field>
		<Field Name="name" Caption="Name" EditTab="" FieldType="Text" Authorable="True" EditSortPriority="110" DefaultValue="" Active="True" AdminOnly="False" DeveloperOnly="False" HTMLContent="False" Required="False" TextBuffered="False" UniqueName="False" MemberSelectGroup="" Scramble="False" LookupList="" NotEditable="False" Password="False" ReadOnly="False" ManyToManyRulePrimaryField="" ManyToManyRuleSecondaryField="" IsModified="False" IndexColumn="0" IndexSortDirection="" IndexSortOrder="0" IndexWidth="" RedirectID="" RedirectPath="" IsBaseField="False" EditorAddonId="" LookupContent="" RedirectContent="" ManyToManyContent="" ManyToManyRuleContent="" ><HelpDefault><![CDATA[All work and no play makes Johnny a dull boy.]]></HelpDefault></Field>
		<Field Name="active" Caption="Active" EditTab="" FieldType="Boolean" Authorable="True" EditSortPriority="200" DefaultValue="1" Active="True" AdminOnly="False" DeveloperOnly="False" HTMLContent="False" Required="False" TextBuffered="False" UniqueName="False" MemberSelectGroup="" Scramble="False" LookupList="" NotEditable="False" Password="False" ReadOnly="False" ManyToManyRulePrimaryField="" ManyToManyRuleSecondaryField="" IsModified="False" IndexColumn="0" IndexSortDirection="" IndexSortOrder="0" IndexWidth="" RedirectID="" RedirectPath="" IsBaseField="False" EditorAddonId="" LookupContent="" RedirectContent="" ManyToManyContent="" ManyToManyRuleContent="" ><HelpDefault><![CDATA[All work and no play makes Johnny a dull boy.]]></HelpDefault></Field>
		<Field Name="sortorder" Caption="Alpha Sort Order" EditTab="" FieldType="Text" Authorable="False" EditSortPriority="2000" DefaultValue="" Active="True" AdminOnly="False" DeveloperOnly="False" HTMLContent="False" Required="False" TextBuffered="False" UniqueName="False" MemberSelectGroup="" Scramble="False" LookupList="" NotEditable="False" Password="False" ReadOnly="False" ManyToManyRulePrimaryField="" ManyToManyRuleSecondaryField="" IsModified="False" IndexColumn="0" IndexSortDirection="" IndexSortOrder="0" IndexWidth="" RedirectID="" RedirectPath="" IsBaseField="False" EditorAddonId="" LookupContent="" RedirectContent="" ManyToManyContent="" ManyToManyRuleContent="" ><HelpDefault><![CDATA[All work and no play makes Johnny a dull boy.]]></HelpDefault></Field>
	</CDef>
	<CDef Name="EditModelTestDataRules" Active="1" AdminOnly="0" AllowAdd="1" AllowCalendarEvents="0" AllowContentChildTool="0" AllowContentTracking="0" AllowDelete="1" AllowMetaContent="" AllowTopicRules="0" NavTypeID="0" AddonCategoryId="0" AuthoringDataSourceName="Default" AuthoringTableName="EditModelTestDataRules" ContentDataSourceName="Default" ContentTableName="EditModelTestDataRules" DefaultSortMethod="" DeveloperOnly="0" DropDownFieldList="Name" EditorGroupName="" Parent="" IconLink="" IconHeight="0" IconWidth="0" IconSprites="0" isbasecontent="0" guid="{23efe295-316a-40c0-904c-028baaec4054}" >
		<Field Name="testid" Caption="Test" EditTab="" FieldType="Lookup" Authorable="True" EditSortPriority="1" DefaultValue="" Active="True" AdminOnly="False" DeveloperOnly="False" HTMLContent="False" Required="False" TextBuffered="False" UniqueName="False" MemberSelectGroup="" Scramble="False" LookupList="" NotEditable="False" Password="False" ReadOnly="False" ManyToManyRulePrimaryField="" ManyToManyRuleSecondaryField="" IsModified="True" IndexColumn="0" IndexSortDirection="0" IndexSortOrder="0" IndexWidth="" RedirectID="" RedirectPath="" IsBaseField="False" EditorAddonId="" LookupContent="EditModalTestData" RedirectContent="" ManyToManyContent="" ManyToManyRuleContent="" ></Field>
		<Field Name="memberid" Caption="Member" EditTab="" FieldType="Lookup" Authorable="True" EditSortPriority="2" DefaultValue="" Active="True" AdminOnly="False" DeveloperOnly="False" HTMLContent="False" Required="False" TextBuffered="False" UniqueName="False" MemberSelectGroup="" Scramble="False" LookupList="" NotEditable="False" Password="False" ReadOnly="False" ManyToManyRulePrimaryField="" ManyToManyRuleSecondaryField="" IsModified="True" IndexColumn="0" IndexSortDirection="0" IndexSortOrder="0" IndexWidth="" RedirectID="" RedirectPath="" IsBaseField="False" EditorAddonId="" LookupContent="People" RedirectContent="" ManyToManyContent="" ManyToManyRuleContent="" ></Field>
		<Field Name="name" Caption="Name" EditTab="" FieldType="Text" Authorable="True" EditSortPriority="110" DefaultValue="" Active="True" AdminOnly="False" DeveloperOnly="False" HTMLContent="False" Required="False" TextBuffered="False" UniqueName="False" MemberSelectGroup="" Scramble="False" LookupList="" NotEditable="False" Password="False" ReadOnly="False" ManyToManyRulePrimaryField="" ManyToManyRuleSecondaryField="" IsModified="False" IndexColumn="0" IndexSortDirection="" IndexSortOrder="0" IndexWidth="" RedirectID="" RedirectPath="" IsBaseField="False" EditorAddonId="" LookupContent="" RedirectContent="" ManyToManyContent="" ManyToManyRuleContent="" ></Field>
		<Field Name="active" Caption="Active" EditTab="" FieldType="Boolean" Authorable="True" EditSortPriority="200" DefaultValue="1" Active="True" AdminOnly="False" DeveloperOnly="False" HTMLContent="False" Required="False" TextBuffered="False" UniqueName="False" MemberSelectGroup="" Scramble="False" LookupList="" NotEditable="False" Password="False" ReadOnly="False" ManyToManyRulePrimaryField="" ManyToManyRuleSecondaryField="" IsModified="False" IndexColumn="0" IndexSortDirection="" IndexSortOrder="0" IndexWidth="" RedirectID="" RedirectPath="" IsBaseField="False" EditorAddonId="" LookupContent="" RedirectContent="" ManyToManyContent="" ManyToManyRuleContent="" ></Field>
		<Field Name="sortorder" Caption="Alpha Sort Order" EditTab="" FieldType="Text" Authorable="False" EditSortPriority="2000" DefaultValue="" Active="True" AdminOnly="False" DeveloperOnly="False" HTMLContent="False" Required="False" TextBuffered="False" UniqueName="False" MemberSelectGroup="" Scramble="False" LookupList="" NotEditable="False" Password="False" ReadOnly="False" ManyToManyRulePrimaryField="" ManyToManyRuleSecondaryField="" IsModified="False" IndexColumn="0" IndexSortDirection="" IndexSortOrder="0" IndexWidth="" RedirectID="" RedirectPath="" IsBaseField="False" EditorAddonId="" LookupContent="" RedirectContent="" ManyToManyContent="" ManyToManyRuleContent="" ></Field>
	</CDef>

</Collection>