{
    "dialogCaption":"Testimonial Widget",
    "adminEditUrl" : "",
    "isEditing": "true",
    "leftFields": [
        
        {
            "htmlName": "starrating",
            "caption": "Star Rating",
            "help": "The number of stars this review includes.",
            "currentValue":"5",
            "isHelp": true,
            "isRequired": true,
            "isReadOnly": false,
            "isInteger": true,
            "isText": false,
            "isTextLong": false,
            "isBoolean": false,
            "isDate": false,
            "isFile": false,
            "isSelect": false,
            "isCurrency": false,
            "isImage": false,
            "isFloat": false,
            "isCheckboxList": false,
            "isLink": false,
            "isHtml": false,
            "isHtmlCode": false,
            "textMaxLength":150,
            "numberMin":null,
            "numberMax":null,
            "imageDeleteName":""
        },
        {
            "htmlName": "name",
            "caption": "Name",
            "help": "The name of the user who provided the testimonial.",
            "currentValue":"A'ja Wilson",
            "isHelp": true,
            "isRequired": true,
            "isReadOnly": true,
            "isInteger": false,
            "isText": true,
            "isTextLong": false,
            "isBoolean": false,
            "isDate": false,
            "isFile": false,
            "isSelect": false,
            "isCurrency": false,
            "isImage": false,
            "isFloat": false,
            "isCheckboxList": false,
            "isLink": false,
            "isHtml": false,
            "isHtmlCode": false,
            "textMaxLength":150,
            "numberMin":null,
            "numberMax":null,
            "imageDeleteName":""
        },
        {
            "htmlName": "imageUpload",
            "caption": "",
            "help": "Image of user",
            "currentValue":"",
            "isHelp": true,
            "isRequired": false,
            "isReadOnly": false,
            "isInteger": false,
            "isText": false,
            "isTextLong": false,
            "isBoolean": false,
            "isDate": false,
            "isFile": true,
            "isSelect": false,
            "isCurrency": false,
            "isImage": false,
            "isFloat": false,
            "isCheckboxList": false,
            "isLink": false,
            "isHtml": false,
            "isHtmlCode": false,
            "textMaxLength":null,
            "numberMin":null,
            "numberMax":null,
            "imageDeleteName":""
        },
        {
            "htmlName": "testimonialDescription",
            "caption": "Testimonial Description",
            "help": "Testimonial provided by the user",
            "currentValue": "I love the outcome and am so happy with my experience!",
            "isHelp": true,
            "isRequired": true,
            "isReadOnly": false,
            "isInteger": false,
            "isText": false,
            "isTextLong": true,
            "isBoolean": false,
            "isDate": false,
            "isFile": false,
            "isSelect": false,
            "isCurrency": false,
            "isImage": false,
            "isFloat": false,
            "isCheckboxList": false,
            "isLink": false,
            "isHtml": false,
            "isHtmlCode": false,
            "textMaxLength":750,
            "numberMin":null,
            "numberMax":null,
            "imageDeleteName":""
        },
        {
            "htmlName": "number",
            "caption": "Amount",
            "help": "enter a number",
            "currentValue":"",
            "placeholder": "",
            "isRequired": false,
            "isReadOnly": false,
            "isInteger": true,
            "isText": false,
            "isTextLong": false,
            "isBoolean": false,
            "isDate": false,
            "isFile": false,
            "isSelect": false,
            "isCurrency": false,
            "isImage": false,
            "isFloat": false,
            "isCheckboxList": false,
            "isLink": false,
            "isHtml": false,
            "isHtmlCode": false,
            "textMaxLength":"",
            "numberMin":null,
            "numberMax":null,
            "imageDeleteName":""
        },
        {
            "htmlName": "date",
            "caption": "Date",
            "help": "",
            "currentValue":"",
            "placeholder": "",
            "isHelp": false,
            "isRequired": false,
            "isReadOnly": false,
            "isInteger": false,
            "isText": false,
            "isTextLong": false,
            "isBoolean": false,
            "isDate": true,
            "isFile": false,
            "isSelect": false,
            "isCurrency": false,
            "isImage": false,
            "isFloat": false,
            "isCheckboxList": false,
            "isLink": false,
            "isHtml": false,
            "isHtmlCode": false,
            "textMaxLength":"",
            "numberMin":null,
            "numberMax":null,
            "imageDeleteName":""
        },
        {
            "htmlName": "html",
            "caption": "Html",
            "help": "",
            "currentValue":"",
            "placeholder": "",
            "isHelp": false,
            "isRequired": false,
            "isReadOnly": false,
            "isInteger": false,
            "isText": false,
            "isTextLong": false,
            "isBoolean": false,
            "isDate": false,
            "isFile": false,
            "isSelect": false,
            "isCurrency": false,
            "isImage": false,
            "isFloat": false,
            "isCheckboxList": false,
            "isLink": false,
            "isHtml": true,
            "isHtmlCode": false,
            "textMaxLength":"",
            "numberMin":null,
            "numberMax":null,
            "imageDeleteName":""
        },
        {
            "htmlName": "htmlCode",
            "caption": "Embed Code",
            "help": "",
            "currentValue":"",
            "placeholder": "",
            "isHelp": false,
            "isRequired": false,
            "isReadOnly": false,
            "isInteger": false,
            "isText": false,
            "isTextLong": false,
            "isBoolean": false,
            "isDate": false,
            "isFile": false,
            "isSelect": false,
            "isCurrency": false,
            "isImage": false,
            "isFloat": false,
            "isCheckboxList": false,
            "isLink": false,
            "isHtml": false,
            "isHtmlCode": true,
            "textMaxLength":"",
            "numberMin":null,
            "numberMax":null,
            "imageDeleteName":""
        },
        {
            "htmlName": "urlLink",
            "caption": "URL Link",
            "help": "",
            "currentValue":"",
            "placeholder": "",
            "isHelp": false,
            "isRequired": true,
            "isReadOnly": false,
            "isInteger": false,
            "isText": false,
            "isTextLong": false,
            "isBoolean": false,
            "isDate": false,
            "isFile": false,
            "isSelect": false,
            "isCurrency": false,
            "isImage": false,
            "isFloat": false,
            "isCheckboxList": false,
            "isLink": true,
            "isHtml": false,
            "isHtmlCode": false,
            "textMaxLength":"",
            "numberMin":null,
            "numberMax":null,
            "imageDeleteName":""
        },
        {
            "id":"1",
            "isHelp":"",
            "caption": "Check list",
            "currentValue":"",
            "placeholder": "",
            "isInteger": false,
            "isText": false,
            "isTextLong": false,
            "isBoolean": true,
            "isDate": false,
            "isFile": false,
            "isSelect": false,
            "isCurrency": false,
            "isImage": false,
            "isFloat": false,
            "isCheckboxList": true,
            "isChecked": false,
            "isLink": false,
            "isHtml": false,
            "isHtmlCode": false,
            "textMaxLength":250,
            "numberMin":null,
            "numberMax":null,
            "imageDeleteName":""
        }
    ],
    "rightFields":[
        {
            "id":"1",
            "htmlName": "imageStyles",
            "caption": "Image Styles",
            "help": "Providing an alt text can help screen readers",
            "isHelp": true,
            "rightSectionAccordion": [
                {
                    "currentValue":"Placeholder image",
                    "placeholder": "Image alt text (optional)",
                    "isInteger": false,
                    "isText": true,
                    "isTextLong": false,
                    "isBoolean": false,
                    "isDate": false,
                    "isFile": false,
                    "isSelect": false,
                    "isCurrency": false,
                    "isImage": false,
                    "isFloat": false,
                    "isCheckboxList": false,
                    "isLink": false,
                    "isHtml": false,
                    "isHtmlCode": false,
                    "textMaxLength":250,
                    "numberMin":null,
                    "numberMax":null,
                    "imageDeleteName":""
                },
                {
                    "currentValue":"16:9",
                    "placeholder": "Select Image Aspect Ratio...",
                    "isInteger": false,
                    "isText": false,
                    "isTextLong": false,
                    "isBoolean": false,
                    "isDate": false,
                    "isFile": false,
                    "isSelect": true,
                    "isCurrency": false,
                    "isImage": false,
                    "isFloat": false,
                    "isCheckboxList": false,
                    "isLink": false,
                    "isHtml": false,
                    "isHtmlCode": false,
                    "textMaxLength":250,
                    "numberMin":null,
                    "numberMax":null,
                    "imageDeleteName":""
                },
                {
                    "currentValue":"",
                    "placeholder":"Image width pixels (optional)",
                    "isInteger": false,
                    "isText": true,
                    "isTextLong": false,
                    "isBoolean": false,
                    "isDate": false,
                    "isFile": false,
                    "isSelect": false,
                    "isCurrency": false,
                    "isImage": false,
                    "isFloat": false,
                    "isCheckboxList": false,
                    "isLink": false,
                    "isHtml": false,
                    "isHtmlCode": false,
                    "textMaxLength":250,
                    "numberMin":null,
                    "numberMax":null,
                    "imageDeleteName":""
                }
            ]
        },
        {
            "id":"2",
            "htmlName": "buttonStyles",
            "caption": "Button Styles",
            "help": "The text for the action button. If either Button Text or Button Url are blank, the button is not displayed.",
            "isHelp": true,
            "rightSectionAccordion": [
                {
                    "currentValue":"Click Here",
                    "placeholder": "Button Text",
                    "isInteger": false,
                    "isText": true,
                    "isTextLong": false,
                    "isBoolean": false,
                    "isDate": false,
                    "isFile": false,
                    "isSelect": false,
                    "isCurrency": false,
                    "isImage": false,
                    "isFloat": false,
                    "isCheckboxList": false,
                    "isLink": false,
                    "isHtml": false,
                    "isHtmlCode": false,
                    "textMaxLength":250,
                    "numberMin":null,
                    "numberMax":null,
                    "imageDeleteName":""
                },
                {
                    "currentValue":"Contensive.com",
                    "placeholder": "Button Url",
                    "isInteger": false,
                    "isText": true,
                    "isTextLong": false,
                    "isBoolean": false,
                    "isDate": false,
                    "isFile": false,
                    "isSelect": false,
                    "isCurrency": false,
                    "isImage": false,
                    "isFloat": false,
                    "isCheckboxList": false,
                    "isLink": false,
                    "isHtml": false,
                    "isHtmlCode": false,
                    "textMaxLength":250,
                    "numberMin":null,
                    "numberMax":null,
                    "imageDeleteName":""
                },
                {
                    "currentValue":"btn btn-primary",
                    "placeholder":"Button Style",
                    "isInteger": false,
                    "isText": true,
                    "isTextLong": false,
                    "isBoolean": false,
                    "isDate": false,
                    "isFile": false,
                    "isSelect": false,
                    "isCurrency": false,
                    "isImage": false,
                    "isFloat": false,
                    "isCheckboxList": false,
                    "isLink": false,
                    "isHtml": false,
                    "isHtmlCode": false,
                    "textMaxLength":250,
                    "numberMin":null,
                    "numberMax":null,
                    "imageDeleteName":""
                }
            ]
        },
        {
            "id":"3",
            "htmlName": "containerStyles",
            "caption": "Container Styles",
            "help": "The text for the action button. If either Button Text or Button Url are blank, the button is not displayed.",
            "isHelp": true,
            "rightSectionAccordion": [
                {
                    "id":"1",
                    "isHelp":"",
                    "caption": "Top Padding",
                    "currentValue":"",
                    "placeholder": "",
                    "isInteger": false,
                    "isText": false,
                    "isTextLong": false,
                    "isBoolean": false,
                    "isDate": false,
                    "isFile": false,
                    "isSelect": false,
                    "isCurrency": false,
                    "isImage": false,
                    "isFloat": false,
                    "isCheckboxList": true,
                    "isChecked": true,
                    "isLink": false,
                    "isHtml": false,
                    "isHtmlCode": false,
                    "textMaxLength":250,
                    "numberMin":null,
                    "numberMax":null,
                    "imageDeleteName":""
                },   
                {
                    "id":"2",
                    "isHelp":"",
                    "caption": "Right Padding",
                    "currentValue":"",
                    "placeholder": "",
                    "isInteger": false,
                    "isText": false,
                    "isTextLong": false,
                    "isBoolean": false,
                    "isDate": false,
                    "isFile": false,
                    "isSelect": false,
                    "isCurrency": false,
                    "isImage": false,
                    "isFloat": false,
                    "isCheckboxList": true,
                    "isChecked": false,
                    "isLink": false,
                    "isHtml": false,
                    "isHtmlCode": false,
                    "textMaxLength":250,
                    "numberMin":null,
                    "numberMax":null,
                    "imageDeleteName":""
                },
                {
                    "id":"3",
                    "isHelp":"",
                    "caption": "Left Padding",
                    "currentValue":"",
                    "placeholder": "",
                    "isInteger": false,
                    "isText": false,
                    "isTextLong": false,
                    "isBoolean": false,
                    "isDate": false,
                    "isFile": false,
                    "isSelect": false,
                    "isCurrency": false,
                    "isImage": false,
                    "isFloat": false,
                    "isCheckboxList": true,
                    "isChecked": false,
                    "isLink": false,
                    "isHtml": false,
                    "isHtmlCode": false,
                    "textMaxLength":250,
                    "numberMin":null,
                    "numberMax":null,
                    "imageDeleteName":""
                },
                {
                    "id":"4",
                    "isHelp":"",
                    "caption": "Bottom Padding",
                    "currentValue":"",
                    "placeholder": "",
                    "isInteger": false,
                    "isText": false,
                    "isTextLong": false,
                    "isBoolean": false,
                    "isDate": false,
                    "isFile": false,
                    "isSelect": false,
                    "isCurrency": false,
                    "isImage": false,
                    "isFloat": false,
                    "isCheckboxList": true,
                    "isChecked": false,
                    "isLink": false,
                    "isHtml": false,
                    "isHtmlCode": false,
                    "textMaxLength":250,
                    "numberMin":null,
                    "numberMax":null,
                    "imageDeleteName":""
                },
                {
                    "id":"5",
                    "isHelp": "When not checked, this design block should be used within a container. When checked, the block is expected to span the full width of the screen and may create its own container.",
                    "caption":"Add Container Margin for Full Bleed template",
                    "currentValue":"",
                    "isRequired": false,
                    "isReadOnly": false,
                    "isInteger": false,
                    "isText": false,
                    "isTextLong": false,
                    "isBoolean": false,
                    "isDate": false,
                    "isFile": false,
                    "isSelect": false,
                    "isCurrency": false,
                    "isImage": false,
                    "isFloat": false,
                    "isCheckboxList": true,
                    "isChecked": true,
                    "isLink": false,
                    "isHtml": false,
                    "isHtmlCode": false,
                    "textMaxLength":null,
                    "numberMin":null,
                    "numberMax":null,
                    "imageDeleteName":""
                },
                {
                    "isHelp": "true",
                    "help": "Add a background image to the design block. It will be reduced in size to cover the entire background.",
                    "caption":"Background Image",
                    "currentValue":"",
                    "isRequired": false,
                    "isReadOnly": true,
                    "isInteger": false,
                    "isText": false,
                    "isTextLong": false,
                    "isBoolean": false,
                    "isDate": false,
                    "isFile": true,
                    "isSelect": false,
                    "isCurrency": false,
                    "isImage": false,
                    "isFloat": false,
                    "isCheckboxList": false,
                    "isLink": false,
                    "isHtml": false,
                    "isHtmlCode": false,
                    "textMaxLength":null,
                    "numberMin":null,
                    "numberMax":null,
                    "imageDeleteName":""
                },
                {
                    "currentValue":"",
                    "placeholder": "Container Height: (px or em)",
                    "isInteger": false,
                    "isText": true,
                    "isTextLong": false,
                    "isBoolean": false,
                    "isDate": false,
                    "isFile": false,
                    "isSelect": false,
                    "isCurrency": false,
                    "isImage": false,
                    "isFloat": false,
                    "isCheckboxList": false,
                    "isLink": false,
                    "isHtml": false,
                    "isHtmlCode": false,
                    "textMaxLength":250,
                    "numberMin":null,
                    "numberMax":null,
                    "imageDeleteName":""
                }
            ]
        },
        {
            "id":"4",
            "htmlName": "pricing",
            "caption": "Pricing",
            "help": "Providing an alt text can help screen readers",
            "isHelp": false,
            "rightSectionAccordion": [
                {
                        
                "htmlName": "currency",
                "caption": "Price",
                "help": "The regular price charged by this application and displayed on the site.",
                "currentValue":"5.99",
                "placeholder": "",
                "isHelp": true,
                "isRequired": false,
                "isReadOnly": false,
                "isInteger": false,
                "isText": false,
                "isTextLong": false,
                "isBoolean": false,
                "isDate": false,
                "isFile": false,
                "isSelect": false,
                "isCurrency": true,
                "isImage": false,
                "isFloat": false,
                "isCheckboxList": false,
                "isLink": false,
                "isHtml": false,
                "isHtmlCode": false,
                "textMaxLength":"",
                "numberMin":null,
                "numberMax":null,
                "imageDeleteName":""

                }
            ]
        }
    ]
}